Ref,Val,Package,PosX,PosY,Rot,Side
"C1","27 pF","C_0402_1005Metric",-20.726800,1.690400,90.000000,top
"C2","470 pF","C_0402_1005Metric",-21.716800,4.080400,0.000000,top
"C3","100 nF","C_0402_1005Metric",-15.239800,6.137800,90.000000,top
"C4","100 nF","C_0402_1005Metric",-17.906800,1.769000,90.000000,top
"C5","100 nF","C_0402_1005Metric",-19.202800,-1.329800,-90.000000,top
"C6","100 nF","C_0402_1005Metric",-17.322800,-4.048000,180.000000,top
"C7","100 nF","C_0402_1005Metric",-9.905800,-5.648000,0.000000,top
"C8","100 nF","C_0402_1005Metric",-9.397800,-2.397000,180.000000,top
"C9","470 pF","C_0402_1005Metric",-7.086800,-0.009000,180.000000,top
"C10","10 nF","C_0402_1005Metric",-15.874800,-4.505000,90.000000,top
"C11","10 nF","C_0402_1005Metric",-14.884800,-4.505000,90.000000,top
"C12","NL","C_0402_1005Metric",-12.852400,8.906400,180.000000,top
"C13","100 pF","C_0402_1005Metric",-16.230800,6.137800,90.000000,top
"C14","100 pF","C_0402_1005Metric",-18.871800,1.769000,90.000000,top
"C15","100 pF","C_0402_1005Metric",-18.211800,-1.329800,-90.000000,top
"C16","100 pF","C_0402_1005Metric",-17.319800,-5.026000,180.000000,top
"C17","100 pF","C_0402_1005Metric",-9.905800,-4.657000,0.000000,top
"C18","100 pF","C_0402_1005Metric",-9.397800,-3.387000,180.000000,top
"C19","100 pF","C_0402_1005Metric",-7.594800,4.385200,90.000000,top
"C20","100 nF","C_0402_1005Metric",-6.603800,4.385200,90.000000,top
"C21","1.0 uF","C_0402_1005Metric",-26.796800,2.353000,0.000000,top
"C22","NL","C_0402_1005Metric",-26.796800,6.925000,0.000000,top
"C23","100 nF","C_0402_1005Metric",-26.796800,7.916000,0.000000,top
"C24","1.0 uF","C_0402_1005Metric",-26.796800,8.906000,0.000000,top
"C25","1.0 uF","C_0402_1005Metric",-27.228800,-0.390000,0.000000,top
"C26","NL","C_0402_1005Metric",-26.568800,-4.835000,180.000000,top
"C27","100 nF","C_0402_1005Metric",-26.568800,-5.826000,180.000000,top
"C28","1.0 uF","C_0402_1005Metric",-26.568800,-6.816000,180.000000,top
"C29","100 nF","C_0402_1005Metric",-21.717000,-8.772000,-90.000000,top
"C30","1.0 uF","C_0402_1005Metric",-76.454000,-3.689600,-90.000000,top
"C31","1.0 uF","C_0402_1005Metric",-76.227800,-10.397600,180.000000,top
"C32","4.7 uF","C_0805_2012Metric",-72.389800,-1.025000,90.000000,top
"C33","4.7 uF","C_0805_2012Metric",-72.389800,3.521600,-90.000000,top
"C34","3.3 uF","C_0805_2012Metric",-52.831800,8.500000,0.000000,top
"C35","100 nF","C_0402_1005Metric",-73.913800,-1.787000,90.000000,top
"C36","100 nF","C_0402_1005Metric",-70.865800,4.283600,-90.000000,top
"C37","100 nF","C_0402_1005Metric",-51.383800,-2.473000,-90.000000,top
"C38","100 nF","C_0402_1005Metric",-67.436800,-1.025000,180.000000,top
"C39","100 nF","C_0402_1005Metric",-62.483800,9.516000,90.000000,top
"C40","100 nF","C_0402_1005Metric",-60.976800,-7.874000,-90.000000,top
"C41","100 nF","C_0402_1005Metric",-55.388800,-7.874000,-90.000000,top
"C42","100 nF","C_0402_1005Metric",-50.181800,1.490000,0.000000,top
"C43","100 nF","C_0402_1005Metric",-58.436800,9.271000,90.000000,top
"C44","100 nF","C_0402_1005Metric",-69.468800,8.627000,-90.000000,top
"C45","100 nF","C_0402_1005Metric",-62.991800,21.454000,0.000000,top
"C46","470 pF","C_0402_1005Metric",-7.899400,8.830200,180.000000,top
"C47","10 nF","C_0402_1005Metric",-24.757800,4.578200,-90.000000,top
"C48","10 nF","C_0402_1005Metric",-28.638800,-2.562000,90.000000,top
"C49","100 nF","C_0402_1005Metric",-44.881800,-1.736200,-90.000000,top
"C50","100 nF","C_0402_1005Metric",-47.574200,-9.356200,0.000000,top
"C51","100 nF","C_0402_1005Metric",-74.193800,-20.684200,0.000000,top
"C52","100 nF","C_0402_1005Metric",-59.944000,-20.710400,0.000000,top
"C53","100 nF","C_0402_1005Metric",-45.084800,-9.305000,180.000000,top
"D1","LED","LED_0603_1608Metric",-46.532800,13.757800,0.000000,top
"D2","TPD1E10B06","Texas_DPY0002A_0.6x1mm_P0.65mm",-78.841600,-5.470000,-90.000000,top
"D3","ESD321","DPY-PX1SON_1.0mmx0.6mm",-75.565000,-1.101200,-90.000000,top
"D4","ESD321","DPY-PX1SON_1.0mmx0.6mm",-75.565000,1.952400,90.000000,top
"D5","TPD1E01B04
","Texas_DPY0002A_0.6x1mm_P0.65mm",-6.985000,-1.583800,180.000000,top
"D6","TPD1E01B04
","Texas_DPY0002A_0.6x1mm_P0.65mm",-6.477000,8.525400,-90.000000,top
"FB1","Ferrite_Bead","C_0805_2012Metric",-72.389800,-4.454000,-90.000000,top
"FB2","Ferrite_Bead","C_0805_2012Metric",-72.389800,6.950600,90.000000,top
"J1","Conn_Coaxial","SMA_Amphenol_132203-12_Horizontal",0.000200,0.000000,-90.000000,top
"J2","USB_A","USB_A_CNCTech_1001-011-01101_Horizontal",-88.442800,0.000000,180.000000,top
"J3","RF_Shield_One_Piece","Laird_Technologies_BMI-S-103_26.21x26.21mm",-18.262800,-0.034400,0.000000,top
"J4","Conn_Coaxial","MMCX_Molex_73415-1471_Vertical",0.292200,8.868300,0.000000,top
"L1","33 nH","L_0402_1005Metric",-6.629800,2.226200,-90.000000,top
"R1","20k","R_0603_1608Metric",-22.224800,1.997600,90.000000,top
"R2","NL","R_0603_1608Metric",-37.200800,-5.046000,180.000000,top
"R3","0","R_0603_1608Metric",-37.201800,-3.537000,0.000000,top
"R4","NL","R_0603_1608Metric",-37.201800,-2.026000,0.000000,top
"R5","NL","R_0603_1608Metric",-37.200800,-0.534800,0.000000,top
"R6","NL","R_0603_1608Metric",-37.195800,0.974000,180.000000,top
"R7","NL","R_0603_1608Metric",-37.200800,2.485500,180.000000,top
"R8","0","R_0603_1608Metric",-37.200800,3.960600,180.000000,top
"R9","0","R_0603_1608Metric",-37.200800,5.459600,180.000000,top
"R10","0","R_0603_1608Metric",-37.200800,6.958200,180.000000,top
"R11","0","R_0603_1608Metric",-77.614000,6.350000,0.000000,top
"R12","2.2k","R_0603_1608Metric",-66.420800,18.914000,90.000000,top
"R13","1k","R_0603_1608Metric",-69.595800,11.929000,-90.000000,top
"R14","12k","R_0603_1608Metric",-67.639800,2.404000,180.000000,top
"R15","10k","R_0603_1608Metric",-59.943800,19.803000,90.000000,top
"R16","10k","R_0603_1608Metric",-60.705800,16.120000,0.000000,top
"R17","1k","R_0603_1608Metric",-66.344800,-3.692000,-90.000000,top
"R18","10k","R_0603_1608Metric",-67.182800,21.301600,180.000000,top
"R19","330","R_0603_1608Metric",-43.256200,13.757800,180.000000,top
"U1","MAX2769ETI+T","MAX2769ETI&plus_T",-13.453800,0.000000,-90.000000,top
"U2","TPS717285DCKR","TPS717285DCKR",-26.669800,4.639000,90.000000,top
"U3","TPS717285DCKR","TPS717285DCKR",-26.720800,-2.651000,-90.000000,top
"U4","NCP164CSN330T1G","TSOT-23-5",-76.682600,-6.841600,-90.000000,top
"U5","93LC66BT-I_OT","93LC66BT-I&slash_OT",-63.118800,18.914000,0.000000,top
"U6","FT2232H-Interface_USB","LQFP-64_10x10mm_P0.5mm",-58.690800,0.740000,0.000000,top
"U7","74LVC1G74","SOT-833-1",-44.348800,-3.489000,90.000000,top
"U8","74LVC1G04","SOT-353_SC-70-5",-44.424600,-7.425800,180.000000,top
"U9","74LVC374","TSSOP-20_4.4x6.5mm_P0.65mm",-71.272800,-16.595200,180.000000,top
"U10","74LVC374","TSSOP-20_4.4x6.5mm_P0.65mm",-57.023000,-16.595400,180.000000,top
"U11","74HC2G04","SOT-363_SC-70-6",-48.234600,-7.425800,0.000000,top
"X1","SIT5156","10L_CQFN",-18.059400,-8.441800,90.000000,top
"X2","SIT2024BA-S8-33E-12.00000E","SIT2024BA-S8-33E-12.000000E",-67.182800,8.754000,-90.000000,top
"X3","QPQ1060","QPQ1060_1.4x1.2",-13.004800,6.137800,180.000000,top
